Protocollo;Gruppo;DataOraIncidente;Localizzazione1;STRADA1;Localizzazione2;STRADA2;Strada02;Chilometrica;DaSpecificare;NaturaIncidente;particolaritastrade;TipoStrada;FondoStradale;Pavimentazione;Segnaletica;CondizioneAtmosferica;Traffico;Visibilita;Illuminazione;NUM_FERITI;NUM_RISERVATA;NUM_MORTI;NUM_ILLESI;Longitudine;Latitudine;Confermato;Progressivo;TipoVeicolo;StatoVeicolo;TipoPersona;Sesso;Tipolesione;Deceduto;DecedutoDopo;CinturaCascoUtilizzato;Airbag
1870678;15;01/04/2011 00:20;Comunale extraurbana;VIA DEL PONTE PISANO;da specificare;;;;a circa 300 mt. da Via della Pisana ( palo luce 15;Fuoriuscita dalla sede stradale;Rettilineo;Una carreggiata a doppio senso;Asciutto;Asfaltata;Verticale ed orizzontale;Sereno;Scarso;Sufficiente;Sufficiente;1;0;0;0;;;-1;1;Autovettura privata;In marcia / fermata / arresto;Conducente;M;Ricoverato;0;NON DECEDUTO;Non accertato;Inesistente
1870682;19;01/04/2011;Strada Urbana;VIA BASILIO PUOTI;in corrispondenza;;del civico n. ;44;;Veicolo in marcia contro veicolo fermo;Curva a visuale libera;Una carreggiata a senso unico di marcia;Asciutto;Asfaltata;Assente;Sereno;Scarso;Buona;Sufficiente;0;0;0;4;;;-1;1;Autovettura privata;Sosta;Passeggero;M;Illeso;0;;Non accertato;Inesploso
1870682;19;01/04/2011;Strada Urbana;VIA BASILIO PUOTI;in corrispondenza;;del civico n. ;44;;Veicolo in marcia contro veicolo fermo;Curva a visuale libera;Una carreggiata a senso unico di marcia;Asciutto;Asfaltata;Assente;Sereno;Scarso;Buona;Sufficiente;0;0;0;4;;;-1;1;Autovettura privata;Sosta;Passeggero;M;Illeso;0;;Non accertato;Inesploso
1870682;19;01/04/2011;Strada Urbana;VIA BASILIO PUOTI;in corrispondenza;;del civico n. ;44;;Veicolo in marcia contro veicolo fermo;Curva a visuale libera;Una carreggiata a senso unico di marcia;Asciutto;Asfaltata;Assente;Sereno;Scarso;Buona;Sufficiente;0;0;0;4;;;-1;2;Autovettura privata;In marcia / fermata / arresto;Conducente;M;Illeso;0;;Non utilizzato;Inesploso
1870682;19;01/04/2011;Strada Urbana;VIA BASILIO PUOTI;in corrispondenza;;del civico n. ;44;;Veicolo in marcia contro veicolo fermo;Curva a visuale libera;Una carreggiata a senso unico di marcia;Asciutto;Asfaltata;Assente;Sereno;Scarso;Buona;Sufficiente;0;0;0;4;;;-1;2;Autovettura privata;In marcia / fermata / arresto;Passeggero;M;Illeso;0;;Non accertato;Inesploso
1870692;19;01/04/2011 04:20;Strada Urbana;GALLERIA GIOVANNI XXIII;da specificare;;;;rampa uscita direzione Ponte Milvio;Veicolo in marcia contro ostacolo fisso;Curva a visuale libera;Una carreggiata a senso unico di marcia;Viscido da liquidi oleosi;Asfaltata;Orizzontale;Sereno;Scarso;Buona;Sufficiente;0;0;0;2;;;-1;1;Autovettura di polizia;In marcia / fermata / arresto;Conducente;M;Illeso;0;;Non accertato;Inesploso
1870692;19;01/04/2011 04:20;Strada Urbana;GALLERIA GIOVANNI XXIII;da specificare;;;;rampa uscita direzione Ponte Milvio;Veicolo in marcia contro ostacolo fisso;Curva a visuale libera;Una carreggiata a senso unico di marcia;Viscido da liquidi oleosi;Asfaltata;Orizzontale;Sereno;Scarso;Buona;Sufficiente;0;0;0;2;;;-1;1;Autovettura di polizia;In marcia / fermata / arresto;Passeggero;M;Illeso;0;;Non accertato;Inesploso
1870719;20;01/04/2011 02:00;Strada Urbana;VIA DEL FORO ITALICO;da specificare;;;;CORRISPONDENZA DISTRIBUTORE TAMOIL;Fuoriuscita dalla sede stradale;Rettilineo;Due carreggiate;Asciutto;Asfaltata;Orizzontale;Sereno;Scarso;Sufficiente;Sufficiente;0;0;0;1;;;-1;1;Autovettura privata;In marcia / fermata / arresto;Conducente;F;Illeso;0;;Non accertato;Inesploso
1870729;7;01/04/2011 08:30;Strada Urbana;VIA CASILINA;all'intersezione con;VIALE DELLA PRIMAVERA;VIALE DELLA PRIMAVERA;;;Scontro frontale/laterale SX fra veicoli in marcia;Intersezione stradale segnalata;Due carreggiate;Asciutto;Asfaltata;Verticale ed orizzontale;Sereno;Normale;Buona;Ore Diurne;0;0;0;2;;;-1;1;Autotreno;In marcia / fermata / arresto;Conducente;M;Illeso;0;;Non accertato;Inesistente
1870729;7;01/04/2011 08:30;Strada Urbana;VIA CASILINA;all'intersezione con;VIALE DELLA PRIMAVERA;VIALE DELLA PRIMAVERA;;;Scontro frontale/laterale SX fra veicoli in marcia;Intersezione stradale segnalata;Due carreggiate;Asciutto;Asfaltata;Verticale ed orizzontale;Sereno;Normale;Buona;Ore Diurne;0;0;0;2;;;-1;2;Autovettura privata;In marcia / fermata / arresto;Conducente;F;Illeso;0;;Non accertato;Inesploso
1870738;2;01/04/2011 07:55;Strada Urbana;VIA DEL FORO ITALICO;in prossimità;;del civico n. ;647;;Scontro laterale fra veicoli in marcia;Rettilineo;Due carreggiate;Asciutto;Asfaltata;Verticale ed orizzontale;Sereno;Intenso;Buona;Ore Diurne;0;0;0;5;;;-1;1;Autovettura privata;In marcia / fermata / arresto;Conducente;M;Illeso;0;;Utilizzato;Inesploso
1870738;2;01/04/2011 07:55;Strada Urbana;VIA DEL FORO ITALICO;in prossimità;;del civico n. ;647;;Scontro laterale fra veicoli in marcia;Rettilineo;Due carreggiate;Asciutto;Asfaltata;Verticale ed orizzontale;Sereno;Intenso;Buona;Ore Diurne;0;0;0;5;;;-1;1;Autovettura privata;In marcia / fermata / arresto;Passeggero;M;Illeso;0;;Utilizzato;Inesploso
1870738;2;01/04/2011 07:55;Strada Urbana;VIA DEL FORO ITALICO;in prossimità;;del civico n. ;647;;Scontro laterale fra veicoli in marcia;Rettilineo;Due carreggiate;Asciutto;Asfaltata;Verticale ed orizzontale;Sereno;Intenso;Buona;Ore Diurne;0;0;0;5;;;-1;1;Autovettura privata;In marcia / fermata / arresto;Passeggero;F;Illeso;0;;Utilizzato;Inesploso
1870738;2;01/04/2011 07:55;Strada Urbana;VIA DEL FORO ITALICO;in prossimità;;del civico n. ;647;;Scontro laterale fra veicoli in marcia;Rettilineo;Due carreggiate;Asciutto;Asfaltata;Verticale ed orizzontale;Sereno;Intenso;Buona;Ore Diurne;0;0;0;5;;;-1;1;Autovettura privata;In marcia / fermata / arresto;Passeggero;F;Illeso;0;;Utilizzato;Inesploso
1870738;2;01/04/2011 07:55;Strada Urbana;VIA DEL FORO ITALICO;in prossimità;;del civico n. ;647;;Scontro laterale fra veicoli in marcia;Rettilineo;Due carreggiate;Asciutto;Asfaltata;Verticale ed orizzontale;Sereno;Intenso;Buona;Ore Diurne;0;0;0;5;;;-1;2;Motociclo a solo;In marcia / fermata / arresto;Conducente;M;Illeso;0;;Utilizzato;Inesistente
1870762;6;01/04/2011 08:30;Strada Urbana;VIA PISINO;in prossimità;;del civico n. ;95;;Tamponamento;Rettilineo;Una carreggiata a doppio senso;Asciutto;Asfaltata;Assente;Sereno;Normale;Buona;Ore Diurne;0;0;0;2;;;-1;1;Autovettura privata;In marcia / fermata / arresto;Conducente;M;Illeso;0;;Non accertato;Inesistente
1870762;6;01/04/2011 08:30;Strada Urbana;VIA PISINO;in prossimità;;del civico n. ;95;;Tamponamento;Rettilineo;Una carreggiata a doppio senso;Asciutto;Asfaltata;Assente;Sereno;Normale;Buona;Ore Diurne;0;0;0;2;;;-1;2;Autovettura privata;In marcia / fermata / arresto;Conducente;M;Illeso;0;;Non accertato;Inesistente
1870765;2;01/04/2011 11:25;Strada Urbana;VIA DEL FORO ITALICO;all'intersezione semaforizzata con;VIA SALARIA;VIA SALARIA;;;Scontro laterale fra veicoli in marcia;Intersezione semaforizzata;Due carreggiate;Asciutto;Asfaltata;Verticale ed orizzontale;Sereno;Intenso;Buona;Ore Diurne;0;0;0;3;;;-1;1;Autovettura privata;In marcia / fermata / arresto;Conducente;M;Illeso;0;;Utilizzato;Inesploso
1870765;2;01/04/2011 11:25;Strada Urbana;VIA DEL FORO ITALICO;all'intersezione semaforizzata con;VIA SALARIA;VIA SALARIA;;;Scontro laterale fra veicoli in marcia;Intersezione semaforizzata;Due carreggiate;Asciutto;Asfaltata;Verticale ed orizzontale;Sereno;Intenso;Buona;Ore Diurne;0;0;0;3;;;-1;1;Autovettura privata;In marcia / fermata / arresto;Passeggero;M;Illeso;0;;Utilizzato;Inesploso
1870765;2;01/04/2011 11:25;Strada Urbana;VIA DEL FORO ITALICO;all'intersezione semaforizzata con;VIA SALARIA;VIA SALARIA;;;Scontro laterale fra veicoli in marcia;Intersezione semaforizzata;Due carreggiate;Asciutto;Asfaltata;Verticale ed orizzontale;Sereno;Intenso;Buona;Ore Diurne;0;0;0;3;;;-1;2;Autocarro superiore 35 q.;In marcia / fermata / arresto;Conducente;M;Illeso;0;;Utilizzato;Inesploso
1870767;8;01/04/2011 06:50;Provinciale entro l'abitato;VIA PRENESTINA;all'intersezione con;VIA LACEDONIA;VIA LACEDONIA;;;Scontro laterale fra veicoli in marcia;Incrocio;Una carreggiata a doppio senso;Asciutto;Asfaltata;Verticale ed orizzontale;Sereno;Intenso;Buona;Ore Diurne;0;0;0;2;;;-1;1;Autovettura privata;In marcia / fermata / arresto;Conducente;M;Illeso;0;;Non accertato;Inesploso
1870767;8;01/04/2011 06:50;Provinciale entro l'abitato;VIA PRENESTINA;all'intersezione con;VIA LACEDONIA;VIA LACEDONIA;;;Scontro laterale fra veicoli in marcia;Incrocio;Una carreggiata a doppio senso;Asciutto;Asfaltata;Verticale ed orizzontale;Sereno;Intenso;Buona;Ore Diurne;0;0;0;2;;;-1;2;Autocarro superiore 35 q.;In marcia / fermata / arresto;Conducente;M;Illeso;0;;Non accertato;Inesistente
1870768;8;01/04/2011 10:35;Provinciale entro l'abitato;VIA PRENESTINA;in corrispondenza;;del civico n. ;1091;;Veicolo in marcia contro ostacolo fisso;Rettilineo;Una carreggiata a doppio senso;Asciutto;Asfaltata;Verticale ed orizzontale;Sereno;Normale;Buona;Ore Diurne;0;0;0;2;;;-1;0;Autocarro inferiore 35 q.;In marcia / fermata / arresto;Conducente;M;Illeso;0;;Non accertato;Inesistente
1870768;8;01/04/2011 10:35;Provinciale entro l'abitato;VIA PRENESTINA;in corrispondenza;;del civico n. ;1091;;Veicolo in marcia contro ostacolo fisso;Rettilineo;Una carreggiata a doppio senso;Asciutto;Asfaltata;Verticale ed orizzontale;Sereno;Normale;Buona;Ore Diurne;0;0;0;2;;;-1;0;Autocarro inferiore 35 q.;In marcia / fermata / arresto;Passeggero;M;Illeso;0;;Non accertato;Inesistente
1870769;19;01/04/2011 08:40;Strada Urbana;VIA TRIONFALE;in corrispondenza;;del civico n. ;12306;;Tamponamento;Rettilineo;Una carreggiata a senso unico di marcia;Asciutto;Asfaltata;Verticale ed orizzontale;Sereno;Normale;Buona;Ore Diurne;0;0;0;3;;;-1;1;Autocarro inferiore 35 q.;In marcia / fermata / arresto;Conducente;M;Illeso;0;;Non accertato;Inesploso
1870769;19;01/04/2011 08:40;Strada Urbana;VIA TRIONFALE;in corrispondenza;;del civico n. ;12306;;Tamponamento;Rettilineo;Una carreggiata a senso unico di marcia;Asciutto;Asfaltata;Verticale ed orizzontale;Sereno;Normale;Buona;Ore Diurne;0;0;0;3;;;-1;2;Autovettura privata;In marcia / fermata / arresto;Conducente;F;Illeso;0;;Non accertato;Inesploso
1870769;19;01/04/2011 08:40;Strada Urbana;VIA TRIONFALE;in corrispondenza;;del civico n. ;12306;;Tamponamento;Rettilineo;Una carreggiata a senso unico di marcia;Asciutto;Asfaltata;Verticale ed orizzontale;Sereno;Normale;Buona;Ore Diurne;0;0;0;3;;;-1;3;Autovettura privata;In marcia / fermata / arresto;Conducente;M;Illeso;0;;Non accertato;Inesploso
1870770;19;01/04/2011 11:15;Strada Urbana;VIA TRIONFALE;in corrispondenza;;del civico n. ;10368;;Tamponamento;Rettilineo;Una carreggiata a doppio senso;Asciutto;Asfaltata;Orizzontale;Sereno;Normale;Buona;Ore Diurne;1;0;0;1;;;-1;1;Motociclo a solo;In marcia / fermata / arresto;Conducente;M;Rimandato;0;NON DECEDUTO;Non accertato;Inesistente
1870770;19;01/04/2011 11:15;Strada Urbana;VIA TRIONFALE;in corrispondenza;;del civico n. ;10368;;Tamponamento;Rettilineo;Una carreggiata a doppio senso;Asciutto;Asfaltata;Orizzontale;Sereno;Normale;Buona;Ore Diurne;1;0;0;1;;;-1;2;Autovettura privata;In marcia / fermata / arresto;Conducente;M;Illeso;0;;Non accertato;Inesistente
1870772;12;01/04/2011 10:10;Provinciale;VIA OSTIENSE;da specificare;;;;alt rampe svincolo Via del Mare direzione  Ostia;Scontro frontale/laterale SX fra veicoli in marcia;Cavalcavia;Una carreggiata a senso unico di marcia;Asciutto;Asfaltata;Verticale ed orizzontale;Sereno;Normale;Buona;Ore Diurne;1;0;0;3;;;-1;1;Autovettura privata;In marcia / fermata / arresto;Conducente;F;Rimandato;0;NON DECEDUTO;Utilizzato;Esploso
1870772;12;01/04/2011 10:10;Provinciale;VIA OSTIENSE;da specificare;;;;alt rampe svincolo Via del Mare direzione  Ostia;Scontro frontale/laterale SX fra veicoli in marcia;Cavalcavia;Una carreggiata a senso unico di marcia;Asciutto;Asfaltata;Verticale ed orizzontale;Sereno;Normale;Buona;Ore Diurne;1;0;0;3;;;-1;2;Autovettura privata;In marcia / fermata / arresto;Conducente;M;Illeso;0;;Utilizzato;Inesploso
1870772;12;01/04/2011 10:10;Provinciale;VIA OSTIENSE;da specificare;;;;alt rampe svincolo Via del Mare direzione  Ostia;Scontro frontale/laterale SX fra veicoli in marcia;Cavalcavia;Una carreggiata a senso unico di marcia;Asciutto;Asfaltata;Verticale ed orizzontale;Sereno;Normale;Buona;Ore Diurne;1;0;0;3;;;-1;2;Autovettura privata;In marcia / fermata / arresto;Passeggero;F;Illeso;0;;Utilizzato;Esploso
1870772;12;01/04/2011 10:10;Provinciale;VIA OSTIENSE;da specificare;;;;alt rampe svincolo Via del Mare direzione  Ostia;Scontro frontale/laterale SX fra veicoli in marcia;Cavalcavia;Una carreggiata a senso unico di marcia;Asciutto;Asfaltata;Verticale ed orizzontale;Sereno;Normale;Buona;Ore Diurne;1;0;0;3;;;-1;2;Autovettura privata;In marcia / fermata / arresto;Passeggero;M;Illeso;0;;Utilizzato;Inesploso
1870775;2;01/04/2011 00:30;Strada Urbana;VIA GIUSEPPE MERCALLI;all'intersezione semaforizzata con;VIA GIOVANNI ANTONELLI;VIA GIOVANNI ANTONELLI;;;Tamponamento;Intersezione semaforizzata;Una carreggiata a senso unico di marcia;Asciutto;Asfaltata;Verticale ed orizzontale;Sereno;Scarso;Buona;Sufficiente;1;0;0;2;;;-1;1;Autovettura privata;In marcia / fermata / arresto;Conducente;F;Rimandato;0;NON DECEDUTO;Non accertato;Inesistente
1870775;2;01/04/2011 00:30;Strada Urbana;VIA GIUSEPPE MERCALLI;all'intersezione semaforizzata con;VIA GIOVANNI ANTONELLI;VIA GIOVANNI ANTONELLI;;;Tamponamento;Intersezione semaforizzata;Una carreggiata a senso unico di marcia;Asciutto;Asfaltata;Verticale ed orizzontale;Sereno;Scarso;Buona;Sufficiente;1;0;0;2;;;-1;2;Autovettura privata;In marcia / fermata / arresto;Conducente;M;Illeso;0;;Non accertato;Inesistente
1870775;2;01/04/2011 00:30;Strada Urbana;VIA GIUSEPPE MERCALLI;all'intersezione semaforizzata con;VIA GIOVANNI ANTONELLI;VIA GIOVANNI ANTONELLI;;;Tamponamento;Intersezione semaforizzata;Una carreggiata a senso unico di marcia;Asciutto;Asfaltata;Verticale ed orizzontale;Sereno;Scarso;Buona;Sufficiente;1;0;0;2;;;-1;2;Autovettura privata;In marcia / fermata / arresto;Passeggero;F;Illeso;0;;Non accertato;Inesistente
1870777;19;01/04/2011 12:45;Strada Urbana;VIA DELLA CAMILLUCCIA;in prossimità;;del civico n. ;180;;Tamponamento;Rettilineo;Una carreggiata a doppio senso;Asciutto;Asfaltata;Orizzontale;Sereno;Normale;Buona;Ore Diurne;0;0;0;4;;;-1;1;Autovettura privata;In marcia / fermata / arresto;Conducente;M;Illeso;0;;Non accertato;Inesistente
1870777;19;01/04/2011 12:45;Strada Urbana;VIA DELLA CAMILLUCCIA;in prossimità;;del civico n. ;180;;Tamponamento;Rettilineo;Una carreggiata a doppio senso;Asciutto;Asfaltata;Orizzontale;Sereno;Normale;Buona;Ore Diurne;0;0;0;4;;;-1;2;Motociclo con passeggero;In marcia / fermata / arresto;Conducente;M;Illeso;0;;Non accertato;Inesistente
1870777;19;01/04/2011 12:45;Strada Urbana;VIA DELLA CAMILLUCCIA;in prossimità;;del civico n. ;180;;Tamponamento;Rettilineo;Una carreggiata a doppio senso;Asciutto;Asfaltata;Orizzontale;Sereno;Normale;Buona;Ore Diurne;0;0;0;4;;;-1;2;Motociclo con passeggero;In marcia / fermata / arresto;Passeggero;M;Illeso;0;;Non accertato;Inesistente
1870777;19;01/04/2011 12:45;Strada Urbana;VIA DELLA CAMILLUCCIA;in prossimità;;del civico n. ;180;;Tamponamento;Rettilineo;Una carreggiata a doppio senso;Asciutto;Asfaltata;Orizzontale;Sereno;Normale;Buona;Ore Diurne;0;0;0;4;;;-1;3;Autovettura privata;In marcia / fermata / arresto;Conducente;M;Illeso;0;;Non accertato;Inesistente
1870781;2;01/04/2011 00:30;Strada Urbana;VIA PANARO;all'intersezione semaforizzata con;VIA NEMORENSE;VIA NEMORENSE;;;Scontro frontale/laterale DX fra veicoli in marcia;Intersezione semaforizzata;Una carreggiata a doppio senso;Asciutto;Asfaltata;Verticale ed orizzontale;Sereno;Scarso;Buona;Sufficiente;0;0;0;3;;;-1;1;Autovettura privata;In marcia / fermata / arresto;Conducente;F;Illeso;0;;Non accertato;Inesistente
1870781;2;01/04/2011 00:30;Strada Urbana;VIA PANARO;all'intersezione semaforizzata con;VIA NEMORENSE;VIA NEMORENSE;;;Scontro frontale/laterale DX fra veicoli in marcia;Intersezione semaforizzata;Una carreggiata a doppio senso;Asciutto;Asfaltata;Verticale ed orizzontale;Sereno;Scarso;Buona;Sufficiente;0;0;0;3;;;-1;1;Autovettura privata;In marcia / fermata / arresto;Passeggero;M;Illeso;0;;Non accertato;Inesistente
1870781;2;01/04/2011 00:30;Strada Urbana;VIA PANARO;all'intersezione semaforizzata con;VIA NEMORENSE;VIA NEMORENSE;;;Scontro frontale/laterale DX fra veicoli in marcia;Intersezione semaforizzata;Una carreggiata a doppio senso;Asciutto;Asfaltata;Verticale ed orizzontale;Sereno;Scarso;Buona;Sufficiente;0;0;0;3;;;-1;2;Autovettura privata;In marcia / fermata / arresto;Conducente;M;Illeso;0;;Non accertato;Inesistente
1870784;10;01/04/2011 07:30;Strada Urbana;VIA TUSCOLANA;in prossimità;;civico;1171;;Scontro laterale fra veicoli in marcia;Rettilineo;Due carreggiate;Asciutto;Asfaltata;Verticale ed orizzontale;Sereno;Intenso;Buona;Ore Diurne;1;0;0;1;;;-1;1;Autovettura privata;In marcia / fermata / arresto;Conducente;F;Rifiuta cure immediate;0;NON DECEDUTO;Non accertato;Inesistente
1870784;10;01/04/2011 07:30;Strada Urbana;VIA TUSCOLANA;in prossimità;;civico;1171;;Scontro laterale fra veicoli in marcia;Rettilineo;Due carreggiate;Asciutto;Asfaltata;Verticale ed orizzontale;Sereno;Intenso;Buona;Ore Diurne;1;0;0;1;;;-1;2;Autocarro inferiore 35 q.;In marcia / fermata / arresto;Conducente;M;Illeso;0;;Non accertato;Inesistente
1870785;10;01/04/2011 08:30;Strada Urbana;VIA MARIO BROGLIO;all'intersezione con;VIA LUIGI DI SARRO;VIA LUIGI DI SARRO;;;Scontro laterale fra veicoli in marcia;Incrocio;Due carreggiate;Asciutto;Asfaltata;Verticale ed orizzontale;Sereno;Normale;Buona;Ore Diurne;2;0;0;0;;;-1;1;Motociclo a solo;In marcia / fermata / arresto;Conducente;M;Ricoverato;0;NON DECEDUTO;Non accertato;Inesistente
1870785;10;01/04/2011 08:30;Strada Urbana;VIA MARIO BROGLIO;all'intersezione con;VIA LUIGI DI SARRO;VIA LUIGI DI SARRO;;;Scontro laterale fra veicoli in marcia;Incrocio;Due carreggiate;Asciutto;Asfaltata;Verticale ed orizzontale;Sereno;Normale;Buona;Ore Diurne;2;0;0;0;;;-1;2;Autovettura privata;In marcia / fermata / arresto;Conducente;F;Rimandato;0;NON DECEDUTO;Non accertato;Inesploso
1870790;6;01/04/2011 16:20;Strada Urbana;LARGO PRENESTE;in prossimità;;del civico n. ;1;;Infortunio per caduta del veicolo;Rettilineo;Più di due carreggiate;Asciutto;Asfaltata;Verticale ed orizzontale;Sereno;Intenso;Buona;Ore Diurne;1;0;0;0;;;-1;1;Motociclo a solo;In marcia / fermata / arresto;Conducente;M;Rimandato;0;NON DECEDUTO;Non accertato;Inesistente
1870798;15;01/04/2011 15:35;Strada Urbana;VIA ODERISI DA GUBBIO;in corrispondenza;;del civico n. ;168;;Investimento di pedone;Rettilineo;Una carreggiata a doppio senso;Asciutto;Asfaltata;Orizzontale;Sereno;Intenso;Buona;Ore Diurne;1;0;0;2;;;-1;;;;Pedone;M;Ricoverato;0;NON DECEDUTO;;
1870798;15;01/04/2011 15:35;Strada Urbana;VIA ODERISI DA GUBBIO;in corrispondenza;;del civico n. ;168;;Investimento di pedone;Rettilineo;Una carreggiata a doppio senso;Asciutto;Asfaltata;Orizzontale;Sereno;Intenso;Buona;Ore Diurne;1;0;0;2;;;-1;1;Ciclomotore;In marcia / fermata / arresto;Conducente;M;Illeso;0;;Utilizzato;Inesistente
1870798;15;01/04/2011 15:35;Strada Urbana;VIA ODERISI DA GUBBIO;in corrispondenza;;del civico n. ;168;;Investimento di pedone;Rettilineo;Una carreggiata a doppio senso;Asciutto;Asfaltata;Orizzontale;Sereno;Intenso;Buona;Ore Diurne;1;0;0;2;;;-1;1;Ciclomotore;In marcia / fermata / arresto;Passeggero;F;Illeso;0;;Utilizzato;Inesistente
1870799;15;01/04/2011 11:20;Strada Urbana;VIA DELLA MAGLIANA;in corrispondenza;;del civico n. ;82/B;;Investimento di pedone;Rettilineo;Una carreggiata a senso unico di marcia;Asciutto;Asfaltata;Verticale ed orizzontale;Sereno;Normale;Buona;Ore Diurne;2;0;0;0;;;-1;;;;Pedone;M;Ricoverato;0;NON DECEDUTO;;
1870799;15;01/04/2011 11:20;Strada Urbana;VIA DELLA MAGLIANA;in corrispondenza;;del civico n. ;82/B;;Investimento di pedone;Rettilineo;Una carreggiata a senso unico di marcia;Asciutto;Asfaltata;Verticale ed orizzontale;Sereno;Normale;Buona;Ore Diurne;2;0;0;0;;;-1;1;Motociclo a solo;In marcia / fermata / arresto;Conducente;M;Rimandato;0;NON DECEDUTO;Utilizzato;Inesistente
1870800;18;01/04/2011 09:20;Strada Urbana;VIA ANASTASIO II;all'intersezione con;VIA DEI SAVORELLI;VIA DEI SAVORELLI;;;Scontro laterale fra veicoli in marcia;Intersezione semaforizzata;Due carreggiate;Asciutto;Asfaltata;Verticale ed orizzontale;Sereno;Normale;Buona;Ore Diurne;1;0;0;1;;;-1;1;Motociclo a solo;In marcia / fermata / arresto;Conducente;M;Illeso;0;;Utilizzato;Inesistente
1870800;18;01/04/2011 09:20;Strada Urbana;VIA ANASTASIO II;all'intersezione con;VIA DEI SAVORELLI;VIA DEI SAVORELLI;;;Scontro laterale fra veicoli in marcia;Intersezione semaforizzata;Due carreggiate;Asciutto;Asfaltata;Verticale ed orizzontale;Sereno;Normale;Buona;Ore Diurne;1;0;0;1;;;-1;2;Motociclo di polizia;In marcia / fermata / arresto;Conducente;M;Rimandato;0;NON DECEDUTO;Utilizzato;Inesistente
1870801;15;01/04/2011 08:30;Strada Urbana;VIA PORTUENSE;all'intersezione con;VIA GIUSEPPE TROIANI;VIA GIUSEPPE TROIANI;;;Scontro frontale/laterale DX fra veicoli in marcia;Incrocio;Una carreggiata a doppio senso;Asciutto;Asfaltata;Verticale ed orizzontale;Sereno;Intenso;Buona;Ore Diurne;1;0;0;3;;;-1;1;Autovettura privata;In marcia / fermata / arresto;Conducente;F;Illeso;0;;Utilizzato;Inesploso
1870801;15;01/04/2011 08:30;Strada Urbana;VIA PORTUENSE;all'intersezione con;VIA GIUSEPPE TROIANI;VIA GIUSEPPE TROIANI;;;Scontro frontale/laterale DX fra veicoli in marcia;Incrocio;Una carreggiata a doppio senso;Asciutto;Asfaltata;Verticale ed orizzontale;Sereno;Intenso;Buona;Ore Diurne;1;0;0;3;;;-1;1;Autovettura privata;In marcia / fermata / arresto;Passeggero;M;Illeso;0;;Utilizzato;Inesploso
1870801;15;01/04/2011 08:30;Strada Urbana;VIA PORTUENSE;all'intersezione con;VIA GIUSEPPE TROIANI;VIA GIUSEPPE TROIANI;;;Scontro frontale/laterale DX fra veicoli in marcia;Incrocio;Una carreggiata a doppio senso;Asciutto;Asfaltata;Verticale ed orizzontale;Sereno;Intenso;Buona;Ore Diurne;1;0;0;3;;;-1;1;Autovettura privata;In marcia / fermata / arresto;Passeggero;F;Illeso;0;;Utilizzato;Inesploso
1870801;15;01/04/2011 08:30;Strada Urbana;VIA PORTUENSE;all'intersezione con;VIA GIUSEPPE TROIANI;VIA GIUSEPPE TROIANI;;;Scontro frontale/laterale DX fra veicoli in marcia;Incrocio;Una carreggiata a doppio senso;Asciutto;Asfaltata;Verticale ed orizzontale;Sereno;Intenso;Buona;Ore Diurne;1;0;0;3;;;-1;2;Motociclo a solo;In marcia / fermata / arresto;Conducente;M;Rimandato;0;NON DECEDUTO;Utilizzato;Inesistente
1870806;12;01/04/2011 14:55;Strada Urbana;PIAZZA GUGLIELMO MARCONI;da specificare;;;;lato Via della Civiltà Romana;Scontro laterale fra veicoli in marcia;Curva a visuale libera;Due carreggiate;Asciutto;Asfaltata;Verticale ed orizzontale;Sereno;Normale;Buona;Ore Diurne;0;0;0;2;;;-1;1;Autovettura privata;In marcia / fermata / arresto;Conducente;M;Illeso;0;;Utilizzato;Inesploso
1870806;12;01/04/2011 14:55;Strada Urbana;PIAZZA GUGLIELMO MARCONI;da specificare;;;;lato Via della Civiltà Romana;Scontro laterale fra veicoli in marcia;Curva a visuale libera;Due carreggiate;Asciutto;Asfaltata;Verticale ed orizzontale;Sereno;Normale;Buona;Ore Diurne;0;0;0;2;;;-1;1;Autovettura privata;In marcia / fermata / arresto;Passeggero;F;Illeso;0;;Utilizzato;Inesploso
1870808;12;01/04/2011 18:00;Strada Urbana;VIA LAURENTINA;all'intersezione semaforizzata con;VIA DEI CORAZZIERI;VIA DEI CORAZZIERI;;;Scontro laterale fra veicoli in marcia;Intersezione semaforizzata;Due carreggiate;Asciutto;Asfaltata;Verticale ed orizzontale;Sereno;Normale;Buona;Ore Diurne;0;0;0;3;;;-1;1;Autovettura privata;In marcia / fermata / arresto;Conducente;M;Illeso;0;;Utilizzato;Inesploso
1870808;12;01/04/2011 18:00;Strada Urbana;VIA LAURENTINA;all'intersezione semaforizzata con;VIA DEI CORAZZIERI;VIA DEI CORAZZIERI;;;Scontro laterale fra veicoli in marcia;Intersezione semaforizzata;Due carreggiate;Asciutto;Asfaltata;Verticale ed orizzontale;Sereno;Normale;Buona;Ore Diurne;0;0;0;3;;;-1;1;Autovettura privata;In marcia / fermata / arresto;Passeggero;M;Illeso;0;;Utilizzato;Inesploso
1870808;12;01/04/2011 18:00;Strada Urbana;VIA LAURENTINA;all'intersezione semaforizzata con;VIA DEI CORAZZIERI;VIA DEI CORAZZIERI;;;Scontro laterale fra veicoli in marcia;Intersezione semaforizzata;Due carreggiate;Asciutto;Asfaltata;Verticale ed orizzontale;Sereno;Normale;Buona;Ore Diurne;0;0;0;3;;;-1;2;Autovettura privata;In marcia / fermata / arresto;Conducente;M;Illeso;0;;Utilizzato;Inesploso