Protocollo;Gruppo;DataOraIncidente;Localizzazione1;STRADA1;Localizzazione2;STRADA2;Strada02;Chilometrica;DaSpecificare;NaturaIncidente;particolaritastrade;TipoStrada;FondoStradale;Pavimentazione;Segnaletica;CondizioneAtmosferica;Traffico;Visibilita;Illuminazione;NUM_FERITI;NUM_RISERVATA;NUM_MORTI;NUM_ILLESI;Longitudine;Latitudine;Confermato;Progressivo;TipoVeicolo;StatoVeicolo;TipoPersona;Sesso;Tipolesione;Deceduto;DecedutoDopo;CinturaCascoUtilizzato;Airbag
1871812;9;08/04/2011 13:25;Strada Urbana;VIA MATERA;all'intersezione con;VIA NICASTRO;VIA NICASTRO;;;Scontro frontale/laterale DX fra veicoli in marcia;Intersezione stradale segnalata;Una carreggiata a doppio senso;Asciutto;Asfaltata;Verticale ed orizzontale;Sereno;Scarso;Buona;Ore Diurne;1;0;0;1;;;-1;2;Motociclo a solo;In marcia / fermata / arresto;Conducente;F;Rimandato;0;NON DECEDUTO;Non accertato;Inesistente
1871817;12;09/04/2011 01:15;Strada Urbana;VIA DI VALLERANO;da specificare;;;;prox. civico  139;Veicolo in marcia contro ostacolo accidentale;Rettilineo;Una carreggiata a doppio senso;Asciutto;Asfaltata;Verticale ed orizzontale;Sereno;Normale;Insufficiente;Insufficiente;0;0;0;1;;;-1;1;Autovettura privata;In marcia / fermata / arresto;Conducente;M;Illeso;0;;Utilizzato;Inesploso
1871818;9;08/04/2011 16:10;Strada Urbana;VIA APPIA NUOVA;da specificare;;;;FRONTE CIV. 704;Tamponamento;Rettilineo;Due carreggiate;Asciutto;Asfaltata;Verticale ed orizzontale;Sereno;Normale;Buona;Ore Diurne;0;0;0;2;;;-1;1;Autovettura privata;In marcia / fermata / arresto;Conducente;F;Illeso;0;;Non accertato;Inesistente
1871818;9;08/04/2011 16:10;Strada Urbana;VIA APPIA NUOVA;da specificare;;;;FRONTE CIV. 704;Tamponamento;Rettilineo;Due carreggiate;Asciutto;Asfaltata;Verticale ed orizzontale;Sereno;Normale;Buona;Ore Diurne;0;0;0;2;;;-1;2;Autocarro inferiore 35 q.;In marcia / fermata / arresto;Conducente;M;Illeso;0;;Non accertato;Inesistente
1871820;9;08/04/2011 16:55;Strada Urbana;VIA APPIA NUOVA;da specificare;;;;FRONTE CIVICO 199;Veicolo in marcia contro veicolo in sosta;Rettilineo;Due carreggiate;Asciutto;Asfaltata;Verticale;Sereno;Normale;Buona;Ore Diurne;0;0;0;1;;;-1;1;Autovettura privata;In marcia / fermata / arresto;Conducente;M;Illeso;0;;Non accertato;Inesistente
1871821;13;10/04/2011 12:00;Strada Urbana;VIALE DEI PROMONTORI;all'intersezione con;VIA CAPO SPERONE;VIA CAPO SPERONE;;;Scontro frontale/laterale DX fra veicoli in marcia;Incrocio;Due carreggiate;Asciutto;Asfaltata;Verticale ed orizzontale;Nuvoloso;Normale;Buona;Ore Diurne;0;0;0;3;;;-1;1;Autovettura privata;In marcia / fermata / arresto;Conducente;M;Illeso;0;;Non accertato;Inesistente
1871821;13;10/04/2011 12:00;Strada Urbana;VIALE DEI PROMONTORI;all'intersezione con;VIA CAPO SPERONE;VIA CAPO SPERONE;;;Scontro frontale/laterale DX fra veicoli in marcia;Incrocio;Due carreggiate;Asciutto;Asfaltata;Verticale ed orizzontale;Nuvoloso;Normale;Buona;Ore Diurne;0;0;0;3;;;-1;1;Autovettura privata;In marcia / fermata / arresto;Passeggero;M;Illeso;0;;Non accertato;Inesploso
1871821;13;10/04/2011 12:00;Strada Urbana;VIALE DEI PROMONTORI;all'intersezione con;VIA CAPO SPERONE;VIA CAPO SPERONE;;;Scontro frontale/laterale DX fra veicoli in marcia;Incrocio;Due carreggiate;Asciutto;Asfaltata;Verticale ed orizzontale;Nuvoloso;Normale;Buona;Ore Diurne;0;0;0;3;;;-1;2;Autovettura privata;In marcia / fermata / arresto;Conducente;M;Illeso;0;;Non accertato;Inesistente
1871822;13;10/04/2011 13:10;Strada Urbana;PIAZZALE CRISTOFORO COLOMBO;all'intersezione con;LUNGOMARE AMERIGO VESPUCCI;LUNGOMARE AMERIGO VESPUCCI;;;Scontro frontale/laterale SX fra veicoli in marcia;Incrocio;Due carreggiate;Asciutto;Asfaltata;Orizzontale;Sereno;Normale;Buona;Ore Diurne;0;0;0;2;;;-1;1;Autovettura privata;In marcia / fermata / arresto;Conducente;M;Illeso;0;;Non utilizzato;Inesploso
1871822;13;10/04/2011 13:10;Strada Urbana;PIAZZALE CRISTOFORO COLOMBO;all'intersezione con;LUNGOMARE AMERIGO VESPUCCI;LUNGOMARE AMERIGO VESPUCCI;;;Scontro frontale/laterale SX fra veicoli in marcia;Incrocio;Due carreggiate;Asciutto;Asfaltata;Orizzontale;Sereno;Normale;Buona;Ore Diurne;0;0;0;2;;;-1;2;Autovettura privata;In marcia / fermata / arresto;Conducente;F;Illeso;0;;Non accertato;Inesistente
1871823;9;08/04/2011 14:30;Strada Urbana;VIA CERVETERI;in prossimità;;del civico n. ;9;;Tamponamento;Rettilineo;Una carreggiata a senso unico di marcia;Asciutto;Asfaltata;Verticale ed orizzontale;Sereno;Intenso;Buona;Ore Diurne;0;0;0;2;;;-1;1;Autovettura privata;In marcia / fermata / arresto;Conducente;F;Illeso;0;;Non accertato;Inesistente
1871823;9;08/04/2011 14:30;Strada Urbana;VIA CERVETERI;in prossimità;;del civico n. ;9;;Tamponamento;Rettilineo;Una carreggiata a senso unico di marcia;Asciutto;Asfaltata;Verticale ed orizzontale;Sereno;Intenso;Buona;Ore Diurne;0;0;0;2;;;-1;2;Autocarro inferiore 35 q.;In marcia / fermata / arresto;Conducente;M;Illeso;0;;Non accertato;Inesistente
1871824;13;10/04/2011 15:15;Strada Urbana;VIA DI CASAL PALOCCO;in prossimità;;del civico n. ;126;;Tamponamento;Rettilineo;Due carreggiate;Asciutto;Asfaltata;Verticale ed orizzontale;Sereno;Normale;Buona;Ore Diurne;0;0;0;3;;;-1;1;Autovettura privata;In marcia / fermata / arresto;Conducente;F;Illeso;0;;Non accertato;Inesploso
1871824;13;10/04/2011 15:15;Strada Urbana;VIA DI CASAL PALOCCO;in prossimità;;del civico n. ;126;;Tamponamento;Rettilineo;Due carreggiate;Asciutto;Asfaltata;Verticale ed orizzontale;Sereno;Normale;Buona;Ore Diurne;0;0;0;3;;;-1;1;Autovettura privata;In marcia / fermata / arresto;Passeggero;F;Illeso;0;;Non accertato;Inesploso
1871824;13;10/04/2011 15:15;Strada Urbana;VIA DI CASAL PALOCCO;in prossimità;;del civico n. ;126;;Tamponamento;Rettilineo;Due carreggiate;Asciutto;Asfaltata;Verticale ed orizzontale;Sereno;Normale;Buona;Ore Diurne;0;0;0;3;;;-1;2;Autovettura privata;In marcia / fermata / arresto;Conducente;M;Illeso;0;;Non accertato;Inesploso
1871825;20;09/04/2011 17:30;Strada Urbana;VIA TIBERINA;all'intersezione con;VIADOTTO GIUBILEO DEL 2000;VIADOTTO GIUBILEO DEL 2000;;;Scontro frontale/laterale SX fra veicoli in marcia;Intersezione stradale segnalata;Una carreggiata a doppio senso;Asciutto;Asfaltata;Verticale ed orizzontale;Sereno;Normale;Buona;Ore Diurne;1;0;0;1;;;-1;1;Autovettura privata;In marcia / fermata / arresto;Conducente;M;Illeso;0;;Non accertato;Inesploso
1871825;20;09/04/2011 17:30;Strada Urbana;VIA TIBERINA;all'intersezione con;VIADOTTO GIUBILEO DEL 2000;VIADOTTO GIUBILEO DEL 2000;;;Scontro frontale/laterale SX fra veicoli in marcia;Intersezione stradale segnalata;Una carreggiata a doppio senso;Asciutto;Asfaltata;Verticale ed orizzontale;Sereno;Normale;Buona;Ore Diurne;1;0;0;1;;;-1;2;Motociclo a solo;In marcia / fermata / arresto;Conducente;M;Ricoverato;0;NON DECEDUTO;Non accertato;Inesistente
1871826;10;10/04/2011 14:05;Strada Urbana;VIA APPIA NUOVA;da specificare;;;;fronte BMW GRA dir. centro svincolo per ALBANO;Veicolo in marcia contro ostacolo fisso;Rettilineo;Due carreggiate;Asciutto;Asfaltata;Verticale ed orizzontale;Sereno;Normale;Buona;Ore Diurne;2;0;0;0;;;-1;1;Motociclo con passeggero;In marcia / fermata / arresto;Conducente;M;Rimandato;0;NON DECEDUTO;Utilizzato;Inesistente
1871826;10;10/04/2011 14:05;Strada Urbana;VIA APPIA NUOVA;da specificare;;;;fronte BMW GRA dir. centro svincolo per ALBANO;Veicolo in marcia contro ostacolo fisso;Rettilineo;Due carreggiate;Asciutto;Asfaltata;Verticale ed orizzontale;Sereno;Normale;Buona;Ore Diurne;2;0;0;0;;;-1;1;Motociclo con passeggero;In marcia / fermata / arresto;Passeggero;F;Rimandato;0;NON DECEDUTO;Non accertato;Inesistente
1871827;9;09/04/2011 13:05;Strada Urbana;PIAZZA DELL'ALBERONE;all'intersezione con;VIA REA SILVIA;VIA REA SILVIA;;;Tamponamento;Incrocio;Più di due carreggiate;Asciutto;Asfaltata;Verticale ed orizzontale;Sereno;Scarso;Buona;Ore Diurne;0;0;0;3;;;-1;1;Autovettura privata;In marcia / fermata / arresto;Conducente;M;Illeso;0;;Non accertato;Inesistente
1871827;9;09/04/2011 13:05;Strada Urbana;PIAZZA DELL'ALBERONE;all'intersezione con;VIA REA SILVIA;VIA REA SILVIA;;;Tamponamento;Incrocio;Più di due carreggiate;Asciutto;Asfaltata;Verticale ed orizzontale;Sereno;Scarso;Buona;Ore Diurne;0;0;0;3;;;-1;1;Autovettura privata;In marcia / fermata / arresto;Passeggero;M;Illeso;0;;Non accertato;Inesistente
1871827;9;09/04/2011 13:05;Strada Urbana;PIAZZA DELL'ALBERONE;all'intersezione con;VIA REA SILVIA;VIA REA SILVIA;;;Tamponamento;Incrocio;Più di due carreggiate;Asciutto;Asfaltata;Verticale ed orizzontale;Sereno;Scarso;Buona;Ore Diurne;0;0;0;3;;;-1;2;Autovettura pubblica;In marcia / fermata / arresto;Conducente;M;Illeso;0;;Non accertato;Inesistente
1871828;13;10/04/2011 14:00;Strada Urbana;PIAZZA DI TOR S. MICHELE;all'intersezione con;VIA RUTILIO NAMAZIANO;VIA RUTILIO NAMAZIANO;;;Scontro frontale/laterale SX fra veicoli in marcia;Incrocio;Una carreggiata a senso unico di marcia;Asciutto;Asfaltata;Verticale ed orizzontale;Sereno;Normale;Sufficiente;Ore Diurne;0;0;0;5;;;-1;1;Autovettura privata;In marcia / fermata / arresto;Conducente;M;Illeso;0;;Non accertato;Inesistente
1871828;13;10/04/2011 14:00;Strada Urbana;PIAZZA DI TOR S. MICHELE;all'intersezione con;VIA RUTILIO NAMAZIANO;VIA RUTILIO NAMAZIANO;;;Scontro frontale/laterale SX fra veicoli in marcia;Incrocio;Una carreggiata a senso unico di marcia;Asciutto;Asfaltata;Verticale ed orizzontale;Sereno;Normale;Sufficiente;Ore Diurne;0;0;0;5;;;-1;1;Autovettura privata;In marcia / fermata / arresto;Passeggero;M;Illeso;0;;Non accertato;Inesploso
1871828;13;10/04/2011 14:00;Strada Urbana;PIAZZA DI TOR S. MICHELE;all'intersezione con;VIA RUTILIO NAMAZIANO;VIA RUTILIO NAMAZIANO;;;Scontro frontale/laterale SX fra veicoli in marcia;Incrocio;Una carreggiata a senso unico di marcia;Asciutto;Asfaltata;Verticale ed orizzontale;Sereno;Normale;Sufficiente;Ore Diurne;0;0;0;5;;;-1;2;Autovettura privata;In marcia / fermata / arresto;Conducente;M;Illeso;0;;Non accertato;Inesistente
1871828;13;10/04/2011 14:00;Strada Urbana;PIAZZA DI TOR S. MICHELE;all'intersezione con;VIA RUTILIO NAMAZIANO;VIA RUTILIO NAMAZIANO;;;Scontro frontale/laterale SX fra veicoli in marcia;Incrocio;Una carreggiata a senso unico di marcia;Asciutto;Asfaltata;Verticale ed orizzontale;Sereno;Normale;Sufficiente;Ore Diurne;0;0;0;5;;;-1;2;Autovettura privata;In marcia / fermata / arresto;Passeggero;F;Illeso;0;;Non accertato;Inesploso
1871828;13;10/04/2011 14:00;Strada Urbana;PIAZZA DI TOR S. MICHELE;all'intersezione con;VIA RUTILIO NAMAZIANO;VIA RUTILIO NAMAZIANO;;;Scontro frontale/laterale SX fra veicoli in marcia;Incrocio;Una carreggiata a senso unico di marcia;Asciutto;Asfaltata;Verticale ed orizzontale;Sereno;Normale;Sufficiente;Ore Diurne;0;0;0;5;;;-1;2;Autovettura privata;In marcia / fermata / arresto;Passeggero;M;Illeso;0;;Non accertato;Inesploso
1871829;8;10/04/2011 10:40;Strada Urbana;VIA ATANASIO SOLDATI;da specificare;;;;in corrispondenza uscita 15 G.R.A La Rustica;Tamponamento;Rettilineo;Una carreggiata a senso unico alternato;Asciutto;Asfaltata;Verticale ed orizzontale;Nuvoloso;Scarso;Buona;Ore Diurne;2;0;0;1;;;-1;1;Autovettura privata;In marcia / fermata / arresto;Conducente;M;Rifiuta cure immediate;0;NON DECEDUTO;Non accertato;Inesistente
1871829;8;10/04/2011 10:40;Strada Urbana;VIA ATANASIO SOLDATI;da specificare;;;;in corrispondenza uscita 15 G.R.A La Rustica;Tamponamento;Rettilineo;Una carreggiata a senso unico alternato;Asciutto;Asfaltata;Verticale ed orizzontale;Nuvoloso;Scarso;Buona;Ore Diurne;2;0;0;1;;;-1;1;Autovettura privata;In marcia / fermata / arresto;Passeggero;F;Rifiuta cure immediate;0;NON DECEDUTO;Non accertato;Inesistente
1871829;8;10/04/2011 10:40;Strada Urbana;VIA ATANASIO SOLDATI;da specificare;;;;in corrispondenza uscita 15 G.R.A La Rustica;Tamponamento;Rettilineo;Una carreggiata a senso unico alternato;Asciutto;Asfaltata;Verticale ed orizzontale;Nuvoloso;Scarso;Buona;Ore Diurne;2;0;0;1;;;-1;2;Autovettura privata;In marcia / fermata / arresto;Conducente;M;Illeso;0;;Non accertato;Inesistente
1871830;20;09/04/2011 19:15;Statale entro l'abitato;VIA CASSIA;in corrispondenza;;del civico n. ;905;;Scontro frontale/laterale SX fra veicoli in marcia;Rettilineo;Una carreggiata a doppio senso;Asciutto;Asfaltata;Orizzontale;Sereno;Normale;Buona;Ore Diurne;1;0;0;3;;;-1;1;Autovettura privata;In marcia / fermata / arresto;Conducente;M;Illeso;0;;Utilizzato;Inesistente
1871830;20;09/04/2011 19:15;Statale entro l'abitato;VIA CASSIA;in corrispondenza;;del civico n. ;905;;Scontro frontale/laterale SX fra veicoli in marcia;Rettilineo;Una carreggiata a doppio senso;Asciutto;Asfaltata;Orizzontale;Sereno;Normale;Buona;Ore Diurne;1;0;0;3;;;-1;1;Autovettura privata;In marcia / fermata / arresto;Passeggero;;Illeso;0;;Non accertato;Inesploso
1871830;20;09/04/2011 19:15;Statale entro l'abitato;VIA CASSIA;in corrispondenza;;del civico n. ;905;;Scontro frontale/laterale SX fra veicoli in marcia;Rettilineo;Una carreggiata a doppio senso;Asciutto;Asfaltata;Orizzontale;Sereno;Normale;Buona;Ore Diurne;1;0;0;3;;;-1;1;Autovettura privata;In marcia / fermata / arresto;Passeggero;M;Illeso;0;;Non accertato;Inesistente
1871830;20;09/04/2011 19:15;Statale entro l'abitato;VIA CASSIA;in corrispondenza;;del civico n. ;905;;Scontro frontale/laterale SX fra veicoli in marcia;Rettilineo;Una carreggiata a doppio senso;Asciutto;Asfaltata;Orizzontale;Sereno;Normale;Buona;Ore Diurne;1;0;0;3;;;-1;2;Motociclo a solo;In marcia / fermata / arresto;Conducente;M;Rimandato;0;NON DECEDUTO;Non accertato;Inesistente
1871831;13;10/04/2011 18:15;Strada Urbana;VIA SOLONE;in prossimità;;del civico n. ;14;;Scontro frontale/laterale SX fra veicoli in marcia;Rettilineo;Una carreggiata a doppio senso;Asciutto;Asfaltata;Assente;Sereno;Scarso;Sufficiente;Ore Diurne;1;0;0;2;;;-1;1;Motociclo a solo;In marcia / fermata / arresto;Conducente;M;Rimandato;0;NON DECEDUTO;Non accertato;Inesistente
1871831;13;10/04/2011 18:15;Strada Urbana;VIA SOLONE;in prossimità;;del civico n. ;14;;Scontro frontale/laterale SX fra veicoli in marcia;Rettilineo;Una carreggiata a doppio senso;Asciutto;Asfaltata;Assente;Sereno;Scarso;Sufficiente;Ore Diurne;1;0;0;2;;;-1;2;Autovettura privata;In marcia / fermata / arresto;Conducente;M;Illeso;0;;Non accertato;Inesistente
1871831;13;10/04/2011 18:15;Strada Urbana;VIA SOLONE;in prossimità;;del civico n. ;14;;Scontro frontale/laterale SX fra veicoli in marcia;Rettilineo;Una carreggiata a doppio senso;Asciutto;Asfaltata;Assente;Sereno;Scarso;Sufficiente;Ore Diurne;1;0;0;2;;;-1;2;Autovettura privata;In marcia / fermata / arresto;Passeggero;F;Illeso;0;;Non accertato;Inesistente
1871832;8;10/04/2011 00:30;Strada Urbana;VIALE ANTONIO CIAMARRA;all'intersezione con;VIA DEL FOSSO DI S. MAURA;VIA DEL FOSSO DI S. MAURA;;;Scontro frontale/laterale DX fra veicoli in marcia;Incrocio;Più di due carreggiate;Asciutto;Asfaltata;Verticale ed orizzontale;Sereno;Scarso;Buona;Sufficiente;1;0;0;1;;;-1;1;Autovettura privata;In marcia / fermata / arresto;Conducente;M;Illeso;0;;Non accertato;Inesistente
1871832;8;10/04/2011 00:30;Strada Urbana;VIALE ANTONIO CIAMARRA;all'intersezione con;VIA DEL FOSSO DI S. MAURA;VIA DEL FOSSO DI S. MAURA;;;Scontro frontale/laterale DX fra veicoli in marcia;Incrocio;Più di due carreggiate;Asciutto;Asfaltata;Verticale ed orizzontale;Sereno;Scarso;Buona;Sufficiente;1;0;0;1;;;-1;2;Autovettura privata;In marcia / fermata / arresto;Conducente;F;Rimandato;0;NON DECEDUTO;Non accertato;Inesistente
1871833;9;09/04/2011 16:30;Strada Urbana;VIA GENZANO;in prossimità;;del civico n. ;90;;Veicolo in marcia contro veicolo fermo;Rettilineo;Una carreggiata a senso unico di marcia;Asciutto;Asfaltata;Verticale;Sereno;Scarso;Buona;Ore Diurne;0;0;0;1;;;-1;1;Autovettura privata;In marcia / fermata / arresto;Conducente;F;Illeso;0;;Non accertato;Inesistente
1871834;10;10/04/2011 15:00;Strada Urbana;VIA ANAGNINA;in prossimità;;del palo luce n. ;67;;Veicolo in marcia contro ostacolo fisso;Rettilineo;Due carreggiate;Asciutto;Asfaltata;Orizzontale;Sereno;Scarso;Buona;Ore Diurne;0;0;0;1;;;-1;1;Autovettura privata;In marcia / fermata / arresto;Conducente;M;Illeso;0;;Non accertato;Esploso
1871835;9;10/04/2011 18:00;Strada Urbana;VIA TERNI;all'intersezione con;VIA VOLTERRA;VIA VOLTERRA;;;Scontro frontale/laterale DX fra veicoli in marcia;Incrocio;Una carreggiata a doppio senso;Asciutto;Asfaltata;Verticale ed orizzontale;Sereno;Normale;Buona;Ore Diurne;1;0;0;1;;;-1;1;Autovettura privata;In marcia / fermata / arresto;Conducente;F;Illeso;0;;Non accertato;Inesistente
1871835;9;10/04/2011 18:00;Strada Urbana;VIA TERNI;all'intersezione con;VIA VOLTERRA;VIA VOLTERRA;;;Scontro frontale/laterale DX fra veicoli in marcia;Incrocio;Una carreggiata a doppio senso;Asciutto;Asfaltata;Verticale ed orizzontale;Sereno;Normale;Buona;Ore Diurne;1;0;0;1;;;-1;2;Motociclo a solo;In marcia / fermata / arresto;Conducente;M;Rimandato;0;NON DECEDUTO;Non accertato;Inesistente
1871836;8;10/04/2011 12:20;Provinciale entro l'abitato;VIA POLENSE;da specificare;;;;tra km 20,900 e km 20,800;Scontro frontale fra veicoli in marcia;Curva senza visuale libera;Una carreggiata a doppio senso;Asciutto;Asfaltata;Verticale ed orizzontale;Sereno;Scarso;Insufficiente;Ore Diurne;4;0;1;0;;;-1;1;Autovettura privata;In marcia / fermata / arresto;Conducente;M;Rimandato;0;NON DECEDUTO;Non accertato;Inesistente
1871836;8;10/04/2011 12:20;Provinciale entro l'abitato;VIA POLENSE;da specificare;;;;tra km 20,900 e km 20,800;Scontro frontale fra veicoli in marcia;Curva senza visuale libera;Una carreggiata a doppio senso;Asciutto;Asfaltata;Verticale ed orizzontale;Sereno;Scarso;Insufficiente;Ore Diurne;4;0;1;0;;;-1;1;Autovettura privata;In marcia / fermata / arresto;Passeggero;M;Rimandato;0;NON DECEDUTO;Non accertato;Esploso
1871836;8;10/04/2011 12:20;Provinciale entro l'abitato;VIA POLENSE;da specificare;;;;tra km 20,900 e km 20,800;Scontro frontale fra veicoli in marcia;Curva senza visuale libera;Una carreggiata a doppio senso;Asciutto;Asfaltata;Verticale ed orizzontale;Sereno;Scarso;Insufficiente;Ore Diurne;4;0;1;0;;;-1;2;Autovettura privata;In marcia / fermata / arresto;Conducente;F;Rimandato;0;NON DECEDUTO;Non accertato;Inesistente
1871836;8;10/04/2011 12:20;Provinciale entro l'abitato;VIA POLENSE;da specificare;;;;tra km 20,900 e km 20,800;Scontro frontale fra veicoli in marcia;Curva senza visuale libera;Una carreggiata a doppio senso;Asciutto;Asfaltata;Verticale ed orizzontale;Sereno;Scarso;Insufficiente;Ore Diurne;4;0;1;0;;;-1;2;Autovettura privata;In marcia / fermata / arresto;Passeggero;F;Ricoverato;0;DECEDUTO ENTRO 15 GIORNI;Non accertato;Inesistente
1871836;8;10/04/2011 12:20;Provinciale entro l'abitato;VIA POLENSE;da specificare;;;;tra km 20,900 e km 20,800;Scontro frontale fra veicoli in marcia;Curva senza visuale libera;Una carreggiata a doppio senso;Asciutto;Asfaltata;Verticale ed orizzontale;Sereno;Scarso;Insufficiente;Ore Diurne;4;0;1;0;;;-1;2;Autovettura privata;In marcia / fermata / arresto;Passeggero;M;Rimandato;0;NON DECEDUTO;Non accertato;Esploso
1871837;9;10/04/2011 02:25;Strada Urbana;VIA DELLE CAVE;all'intersezione semaforizzata con;VIA POGGI D'ORO;VIA POGGI D'ORO;;;Scontro frontale/laterale SX fra veicoli in marcia;Intersezione semaforizzata;Due carreggiate;Asciutto;Asfaltata;Verticale ed orizzontale;Sereno;Scarso;Buona;Sufficiente;2;0;0;3;;;-1;1;Autovettura privata;In marcia / fermata / arresto;Conducente;F;Illeso;0;;Non accertato;Inesistente
1871837;9;10/04/2011 02:25;Strada Urbana;VIA DELLE CAVE;all'intersezione semaforizzata con;VIA POGGI D'ORO;VIA POGGI D'ORO;;;Scontro frontale/laterale SX fra veicoli in marcia;Intersezione semaforizzata;Due carreggiate;Asciutto;Asfaltata;Verticale ed orizzontale;Sereno;Scarso;Buona;Sufficiente;2;0;0;3;;;-1;1;Autovettura privata;In marcia / fermata / arresto;Passeggero;M;Rimandato;0;NON DECEDUTO;Non accertato;Inesistente
1871837;9;10/04/2011 02:25;Strada Urbana;VIA DELLE CAVE;all'intersezione semaforizzata con;VIA POGGI D'ORO;VIA POGGI D'ORO;;;Scontro frontale/laterale SX fra veicoli in marcia;Intersezione semaforizzata;Due carreggiate;Asciutto;Asfaltata;Verticale ed orizzontale;Sereno;Scarso;Buona;Sufficiente;2;0;0;3;;;-1;1;Autovettura privata;In marcia / fermata / arresto;Passeggero;M;Illeso;0;;Non accertato;Inesistente
1871837;9;10/04/2011 02:25;Strada Urbana;VIA DELLE CAVE;all'intersezione semaforizzata con;VIA POGGI D'ORO;VIA POGGI D'ORO;;;Scontro frontale/laterale SX fra veicoli in marcia;Intersezione semaforizzata;Due carreggiate;Asciutto;Asfaltata;Verticale ed orizzontale;Sereno;Scarso;Buona;Sufficiente;2;0;0;3;;;-1;1;Autovettura privata;In marcia / fermata / arresto;Passeggero;F;Illeso;0;;Non accertato;Inesistente
1871837;9;10/04/2011 02:25;Strada Urbana;VIA DELLE CAVE;all'intersezione semaforizzata con;VIA POGGI D'ORO;VIA POGGI D'ORO;;;Scontro frontale/laterale SX fra veicoli in marcia;Intersezione semaforizzata;Due carreggiate;Asciutto;Asfaltata;Verticale ed orizzontale;Sereno;Scarso;Buona;Sufficiente;2;0;0;3;;;-1;2;Motociclo a solo;In marcia / fermata / arresto;Conducente;M;Rimandato;0;NON DECEDUTO;Non accertato;Inesistente
1871838;8;10/04/2011 20:00;Strada Urbana;VIA DOMENICO BECCAFUMI;all'intersezione con;VIA DEL TORRACCIO DI TORRENOVA;VIA DEL TORRACCIO DI TORRENOVA;;;Scontro frontale/laterale DX fra veicoli in marcia;Incrocio;Una carreggiata a senso unico di marcia;Asciutto;Asfaltata;Verticale ed orizzontale;Sereno;Scarso;Sufficiente;Sufficiente;0;0;0;4;;;-1;1;Autovettura privata;In marcia / fermata / arresto;Conducente;M;Illeso;0;;Non accertato;Inesistente
1871838;8;10/04/2011 20:00;Strada Urbana;VIA DOMENICO BECCAFUMI;all'intersezione con;VIA DEL TORRACCIO DI TORRENOVA;VIA DEL TORRACCIO DI TORRENOVA;;;Scontro frontale/laterale DX fra veicoli in marcia;Incrocio;Una carreggiata a senso unico di marcia;Asciutto;Asfaltata;Verticale ed orizzontale;Sereno;Scarso;Sufficiente;Sufficiente;0;0;0;4;;;-1;1;Autovettura privata;In marcia / fermata / arresto;Passeggero;F;Illeso;0;;Non accertato;Inesistente
1871838;8;10/04/2011 20:00;Strada Urbana;VIA DOMENICO BECCAFUMI;all'intersezione con;VIA DEL TORRACCIO DI TORRENOVA;VIA DEL TORRACCIO DI TORRENOVA;;;Scontro frontale/laterale DX fra veicoli in marcia;Incrocio;Una carreggiata a senso unico di marcia;Asciutto;Asfaltata;Verticale ed orizzontale;Sereno;Scarso;Sufficiente;Sufficiente;0;0;0;4;;;-1;1;Autovettura privata;In marcia / fermata / arresto;Passeggero;M;Illeso;0;;Non accertato;Inesistente
1871838;8;10/04/2011 20:00;Strada Urbana;VIA DOMENICO BECCAFUMI;all'intersezione con;VIA DEL TORRACCIO DI TORRENOVA;VIA DEL TORRACCIO DI TORRENOVA;;;Scontro frontale/laterale DX fra veicoli in marcia;Incrocio;Una carreggiata a senso unico di marcia;Asciutto;Asfaltata;Verticale ed orizzontale;Sereno;Scarso;Sufficiente;Sufficiente;0;0;0;4;;;-1;2;Autovettura privata;In marcia / fermata / arresto;Conducente;M;Illeso;0;;Non accertato;Inesistente
1871839;8;09/04/2011 09:20;Strada Urbana;VIALE DI TORRE MAURA;in prossimità;;del civico n. ;40;;Tamponamento;Rettilineo;Due carreggiate;Asciutto;Asfaltata;Verticale ed orizzontale;Sereno;Scarso;Buona;Ore Diurne;1;0;0;2;;;-1;1;Autovettura privata;In marcia / fermata / arresto;Conducente;M;Illeso;0;;Non accertato;Inesistente
1871839;8;09/04/2011 09:20;Strada Urbana;VIALE DI TORRE MAURA;in prossimità;;del civico n. ;40;;Tamponamento;Rettilineo;Due carreggiate;Asciutto;Asfaltata;Verticale ed orizzontale;Sereno;Scarso;Buona;Ore Diurne;1;0;0;2;;;-1;2;Motociclo con passeggero;In marcia / fermata / arresto;Conducente;F;Illeso;0;;Non accertato;Inesistente
1871839;8;09/04/2011 09:20;Strada Urbana;VIALE DI TORRE MAURA;in prossimità;;del civico n. ;40;;Tamponamento;Rettilineo;Due carreggiate;Asciutto;Asfaltata;Verticale ed orizzontale;Sereno;Scarso;Buona;Ore Diurne;1;0;0;2;;;-1;2;Motociclo con passeggero;In marcia / fermata / arresto;Passeggero;M;Rimandato;0;NON DECEDUTO;Non accertato;Inesistente
1871840;8;09/04/2011 18:10;Strada Urbana;VIA DI TOR BELLA MONACA;in prossimità;;del civico n. ;429;;Tamponamento;Rettilineo;Una carreggiata a senso unico di marcia;Asciutto;Asfaltata;Verticale ed orizzontale;Sereno;Normale;Buona;Ore Diurne;0;0;0;3;;;-1;1;Autovettura privata;In marcia / fermata / arresto;Conducente;M;Illeso;0;;Non accertato;Inesistente
1871840;8;09/04/2011 18:10;Strada Urbana;VIA DI TOR BELLA MONACA;in prossimità;;del civico n. ;429;;Tamponamento;Rettilineo;Una carreggiata a senso unico di marcia;Asciutto;Asfaltata;Verticale ed orizzontale;Sereno;Normale;Buona;Ore Diurne;0;0;0;3;;;-1;1;Autovettura privata;In marcia / fermata / arresto;Passeggero;F;Illeso;0;;Non accertato;Inesistente